{
    "fridge_p": {
        "Create": {
            "StaticMesh": [
                {
                    "Prop_LynchWood.Mesh.LynchWoodTechWallDoor": {
                        "Rename": "",
                        "Tags": [],
                        "Metadata": "",
                        "Location": [
                            10730.0234375,
                            15002.2822265625,
                            10641.921875
                        ],
                        "Rotation": [
                            32800,
                            -4000,
                            -4000
                        ],
                        "Scale": 3,
                        "Scale3D": [
                            1,
                            1,
                            1
                        ],
                        "Materials": []
                    }
                },
                {
                    "Prop_LynchWood.Mesh.LynchWoodTechWallDoor": {
                        "Rename": "",
                        "Tags": [],
                        "Metadata": "",
                        "Location": [
                            10730.0234375,
                            15002.2822265625,
                            10641.921875
                        ],
                        "Rotation": [
                            32800,
                            -4000,
                            -4000
                        ],
                        "Scale": 3,
                        "Scale3D": [
                            -1,
                            1,
                            1
                        ],
                        "Materials": []
                    }
                },
                {
                    "Prop_Barrels.Meshes.MetalBarrel": {
                        "Rename": "",
                        "Tags": [],
                        "Metadata": "",
                        "Location": [
                            11326.2724609375,
                            18960.84375,
                            9839.84375
                        ],
                        "Rotation": [
                            16400,
                            4500,
                            0
                        ],
                        "Scale": 9.819999694824219,
                        "Scale3D": [
                            1,
                            1,
                            0.009999999776482582
                        ],
                        "Materials": []
                    }
                },
                {
                    "Env_Caverns.Meshes.Dahl_ConcWalk": {
                        "Rename": "",
                        "Tags": [],
                        "Metadata": "",
                        "Location": [
                            6668.865234375,
                            17198.53125,
                            11321.07421875
                        ],
                        "Rotation": [
                            0,
                            -4100,
                            16400
                        ],
                        "Scale": 1,
                        "Scale3D": [
                            1,
                            1,
                            0.009999999776482582
                        ],
                        "Materials": []
                    }
                },
                {
                    "Prop_Stairs.Meshes.Sanc_Stairs": {
                        "Rename": "",
                        "Tags": [],
                        "Metadata": "",
                        "Location": [
                            7872.4580078125,
                            14656.47265625,
                            10961.4072265625
                        ],
                        "Rotation": [
                            0,
                            -4100,
                            0
                        ],
                        "Scale": 2,
                        "Scale3D": [
                            0.00009999999747378752,
                            1.7000000476837158,
                            1
                        ],
                        "Materials": []
                    }
                },
                {
                    "Prop_Stairs.Meshes.Sanc_Stairs": {
                        "Rename": "",
                        "Tags": [],
                        "Metadata": "",
                        "Location": [
                            9082.4580078125,
                            14246.47265625,
                            10961.4072265625
                        ],
                        "Rotation": [
                            0,
                            28670,
                            0
                        ],
                        "Scale": 2,
                        "Scale3D": [
                            0.00009999999747378752,
                            1.7000000476837158,
                            1
                        ],
                        "Materials": []
                    }
                },
                {
                    "Prop_Stairs.Meshes.Sanc_Stairs": {
                        "Rename": "",
                        "Tags": [],
                        "Metadata": "",
                        "Location": [
                            8112.4580078125,
                            13486.47265625,
                            10951.4072265625
                        ],
                        "Rotation": [
                            0,
                            12300,
                            0
                        ],
                        "Scale": 2,
                        "Scale3D": [
                            0.00009999999747378752,
                            1.2999999523162842,
                            1
                        ],
                        "Materials": []
                    }
                },
                {
                    "Prop_Stairs.Meshes.Sanc_Stairs": {
                        "Rename": "",
                        "Tags": [],
                        "Metadata": "",
                        "Location": [
                            8112.4580078125,
                            13486.47265625,
                            11201.4072265625
                        ],
                        "Rotation": [
                            -9000,
                            12300,
                            0
                        ],
                        "Scale": 2,
                        "Scale3D": [
                            0.00009999999747378752,
                            1.2999999523162842,
                            0.699999988079071
                        ],
                        "Materials": []
                    }
                },
                {
                    "EngineMeshes.Sphere": {
                        "Rename": "Pressure Plate",
                        "Tags": [
                            "Pressure Plate"
                        ],
                        "Metadata": "",
                        "Location": [
                            9254.25,
                            15235.90234375,
                            10999
                        ],
                        "Rotation": [
                            0,
                            0,
                            0
                        ],
                        "Scale": 0.5,
                        "Scale3D": [
                            1,
                            1,
                            0.0010000000474974513
                        ],