{
    "hypinterlude_p": {
        "Create": {
            "StaticMesh": [
                {
                    "prop_dams.Mesh.HyperionDamWall": {
                        "Rename": "",
                        "Tags": [],
                        "Metadata": "",
                        "Location": [
                            35162.23828125,
                            35787.5546875,
                            1338.1400146484375
                        ],
                        "Rotation": [
                            0,
                            0,
                            16400
                        ],
                        "Scale": 1,
                        "Scale3D": [
                            1,
                            1,
                            1
                        ],
                        "Materials": []
                    }
                },
                {
                    "prop_dams.Mesh.HyperionDamWall": {
                        "Rename": "",
                        "Tags": [],
                        "Metadata": "",
                        "Location": [
                            35162.23828125,
                            37127.5546875,
                            1338.1400146484375
                        ],
                        "Rotation": [
                            0,
                            0,
                            16400
                        ],
                        "Scale": 1,
                        "Scale3D": [
                            1,
                            1,
                            1
                        ],
                        "Materials": []
                    }
                },
                {
                    "prop_dams.Mesh.HyperionDamWall": {
                        "Rename": "",
                        "Tags": [],
                        "Metadata": "",
                        "Location": [
                            35162.23828125,
                            39797.5546875,
                            1338.1400146484375
                        ],
                        "Rotation": [
                            0,
                            0,
                            16400
                        ],
                        "Scale": 1,
                        "Scale3D": [
                            1,
                            1,
                            1
                        ],
                        "Materials": []
                    }
                },
                {
                    "prop_dams.Mesh.HyperionDamWall": {
                        "Rename": "",
                        "Tags": [],
                        "Metadata": "",
                        "Location": [
                            35162.23828125,
                            38468.5546875,
                            1338.1400146484375
                        ],
                        "Rotation": [
                            0,
                            0,
                            16400
                        ],
                        "Scale": 1,
                        "Scale3D": [
                            1,
                            1,
                            1
                        ],
                        "Materials": []
                    }
                },
                {
                    "prop_dams.Mesh.HyperionDamWall": {
                        "Rename": "",
                        "Tags": [],
                        "Metadata": "",
                        "Location": [
                            35053.23828125,
                            41379.5546875,
                            1338.1400146484375
                        ],
                        "Rotation": [
                            0,
                            -16400,
                            16400
                        ],
                        "Scale": 1,
                        "Scale3D": [
                            1,
                            1,
                            1
                        ],
                        "Materials": []
                    }
                },
                {
                    "prop_dams.Mesh.HyperionDamWall": {
                        "Rename": "",
                        "Tags": [],
                        "Metadata": "",
                        "Location": [
                            36274.23828125,
                            41379.5546875,
                            1338.1400146484375
                        ],
                        "Rotation": [
                            0,
                            0,
                            16400
                        ],
                        "Scale": 1,
                        "Scale3D": [
                            1,
                            1,
                            1
                        ],
                        "Materials": []
                    }
                },
                {
                    "prop_dams.Mesh.HyperionDamWall": {
                        "Rename": "",
                        "Tags": [],
                        "Metadata": "",
                        "Location": [
                            36274.23828125,
                            42719.5546875,
                            1338.1400146484375
                        ],
                        "Rotation": [
                            0,
                            0,
                            16400
                        ],
                        "Scale": 1,
                        "Scale3D": [
                            1,
                            1,
                            1
                        ],
                        "Materials": []
                    }
                },
                {
                    "prop_dams.Mesh.HyperionDamWall": {
                        "Rename": "",
                        "Tags": [],
                        "Metadata": "",
                        "Location": [
                            36274.23828125,
                            43985.5546875,
                            1338.1400146484375
                        ],
                        "Rotation": [
                            0,
                            16400,
                            16400
                        ],
                        "Scale": 1,
                        "Scale3D": [
                            1,
                            1,
                            1
                        ],
                        "Materials": []
                    }
                },
                {
                    "prop_dams.Mesh.HyperionDamWall": {
                        "Rename": "",
                        "Tags": [],
                        "Metadata": "",
                        "Location": [
                            34948.23828125,
                            43985.5546875,
                            1338.1400146484375
                        ],
                        "Rotation": [
                            0,
                            16400,
                            16400
                        ],
                        "Scale": 1,
                        "Scale3D": [
                            1,
                            1,
                            1
                        ],
                        "Materials": []
                    }
                },
                {
                    "prop_dams.Mesh.HyperionDamWall": {
                        "Rename": "",
                        "Tags": [],
                        "Metadata": "",
                        "Location": [
                            30442.23828125,
                            36117.5546875,
                            1338.1400146484375
                        ],