{
    "icecanyon_p": {
        "Create": {
            "StaticMesh": [
                {
                    "Prop_Walkways.CatwalkDouble": {
                        "Rename": "",
                        "Tags": [],
                        "Metadata": "",
                        "Location": [
                            -1835.3160400390625,
                            8313.283203125,
                            -1338.5140380859375
                        ],
                        "Rotation": [
                            1400,
                            -15700,
                            -16400
                        ],
                        "Scale": 2,
                        "Scale3D": [
                            1,
                            1,
                            1
                        ],
                        "Materials": []
                    }
                },
                {
                    "Prop_Walkways.CatwalkDouble": {
                        "Rename": "",
                        "Tags": [],
                        "Metadata": "",
                        "Location": [
                            -1909.3160400390625,
                            9335.283203125,
                            -1478.5140380859375
                        ],
                        "Rotation": [
                            1400,
                            -15700,
                            -16400
                        ],
                        "Scale": 2,
                        "Scale3D": [
                            1,
                            1,
                            1
                        ],
                        "Materials": []
                    }
                },
                {
                    "Prop_Walkways.CatwalkDouble": {
                        "Rename": "",
                        "Tags": [],
                        "Metadata": "",
                        "Location": [
                            -2599.31591796875,
                            9944.283203125,
                            -1534.5140380859375
                        ],
                        "Rotation": [
                            0,
                            -4900,
                            -14300
                        ],
                        "Scale": 2,
                        "Scale3D": [
                            1,
                            1,
                            1
                        ],
                        "Materials": []
                    }
                },
                {
                    "Prop_Walkways.CatwalkDouble": {
                        "Rename": "",
                        "Tags": [],
                        "Metadata": "",
                        "Location": [
                            -3484.31591796875,
                            10389.283203125,
                            -1381.5140380859375
                        ],
                        "Rotation": [
                            -2100,
                            -6000,
                            -16400
                        ],
                        "Scale": 2,
                        "Scale3D": [
                            1,
                            1,
                            1
                        ],
                        "Materials": []
                    }
                },
                {
                    "Prop_Fences.Meshes.BanditCover_01": {
                        "Rename": "",
                        "Tags": [],
                        "Metadata": "",
                        "Location": [
                            -9318.0908203125,
                            3601.882080078125,
                            1013.780029296875
                        ],
                        "Rotation": [
                            0,
                            -3000,
                            0
                        ],
                        "Scale": 3,
                        "Scale3D": [
                            1.2000000476837158,
                            1,
                            1
                        ],
                        "Materials": []
                    }
                },
                {
                    "Prop_Buildings_02.Meshes.BanditColumn_01": {
                        "Rename": "",
                        "Tags": [],
                        "Metadata": "",
                        "Location": [
                            -8630.2783203125,
                            3377.18505859375,
                            811.3150024414062
                        ],
                        "Rotation": [
                            0,
                            -4500,
                            0
                        ],
                        "Scale": 1,
                        "Scale3D": [
                            1,
                            1,
                            1
                        ],
                        "Materials": []
                    }
                },
                {
                    "Common_Meshes.Blocking.Blocking_Cube": {
                        "Rename": "Invisible Wall",
                        "Tags": [],
                        "Metadata": "",
                        "Location": [
                            -4797.462890625,
                            10896.1533203125,
                            -928.5830078125
                        ],
                        "Rotation": [
                            0,
                            9100,
                            0
                        ],
                        "Scale": 3,
                        "Scale3D": [
                            0.23999999463558197,
                            3.1600000858306885,
                            1
                        ],
                        "Materials": [
                            "FX_ENV_VOG.Materials.Angel_Echo_INST"
                        ]
                    }
                },
                {
                    "Prop_Panels.MetalPanel": {
                        "Rename": "",
                        "Tags": [],
                        "Metadata": "",
                        "Location": [
                            -7827.06494140625,
                            9036.62109375,
                            -683.2587890625
                        ],
                        "Rotation": [
                            -15800,
                            12200,
                            0
                        ],
                        "Scale": 1,
                        "Scale3D": [
                            1.2699999809265137,
                            1,
                            1
                        ],
                        "Materials": []
                    }
                },
                {
                    "EngineMeshes.Sphere": {
                        "Rename": "Pressure Plate",
                        "Tags": [
                            "Pressure Plate"
                        ],
                        "Metadata": "",
                        "Location": [
                            -7963.05078125,
                            9117.6435546875,
                            -849.4829711914062
                        ],
                        "Rotation": [
                            -2100,
                            0,
                            -100
                        ],
                        "Scale": 0.5,
                        "Scale3D": [
                            1,
                            1,
                            0.0010000000474974513
                        ],