{"dungeonraid_p": {"Create": {"StaticMesh": [{"Aster_Prop_Dungeon.Mesh.DungeonWalls01": {"Rename": "", "Location": [186.38699340820312, 4712.4521484375, 4298.173828125], "Rotation": [0, 16400, 0], "Scale": 0.44999998807907104, "Scale3D": [1.5, 1.5, 1.5], "Materials": []}}, {"Aster_Prop_Shields.Mesh.Melee_ShieldRound_Metal": {"Rename": "", "Location": [0.0, 4719.541015625, 4495.48388671875], "Rotation": [0, 32800, 0], "Scale": 0.5099999904632568, "Scale3D": [3.0, 3.0, 3.0], "Materials": []}}, {"Prop_Plants.Meshes.HangingMossArc": {"Rename": "", "Location": [-47.71622085571289, 4712.89404296875, 4637.02685546875], "Rotation": [0, 0, 0], "Scale": 0.6499999761581421, "Scale3D": [1.0, 1.0, 0.5199999809265137], "Materials": ["None"]}}, {"Aster_Prop_Signs.Meshes.RoadblockSign": {"Rename": "", "Location": [157.25999450683594, 4602.60791015625, 4311.4921875], "Rotation": [-1000, -3600, 0], "Scale": 0.7699999809265137, "Scale3D": [1.0, 1.0, 1.0], "Materials": []}}]}}}