{
    "tundraexpress_p": {
        "Create": {
            "StaticMesh": [
                {
                    "prop_gates.Meshes.CorrugatedGate": {
                        "Rename": "",
                        "Tags": [],
                        "Metadata": "",
                        "Location": [
                            -9570.2490234375,
                            27527.765625,
                            634.7930297851562
                        ],
                        "Rotation": [
                            0,
                            25800,
                            0
                        ],
                        "Scale": 1,
                        "Scale3D": [
                            0.75,
                            0.75,
                            0.75
                        ],
                        "Materials": []
                    }
                },
                {
                    "prop_gates.Meshes.CorrugatedGate": {
                        "Rename": "",
                        "Tags": [],
                        "Metadata": "",
                        "Location": [
                            -11399.1083984375,
                            28386.193359375,
                            733.6669921875
                        ],
                        "Rotation": [
                            200,
                            29400,
                            0
                        ],
                        "Scale": 1,
                        "Scale3D": [
                            0.75,
                            0.75,
                            0.75
                        ],
                        "Materials": []
                    }
                },
                {
                    "Prop_Buildings_02.Meshes.BanditColumn_01": {
                        "Rename": "",
                        "Tags": [],
                        "Metadata": "",
                        "Location": [
                            -11884.384765625,
                            28515.5859375,
                            333.8599853515625
                        ],
                        "Rotation": [
                            0,
                            -2800,
                            0
                        ],
                        "Scale": 1,
                        "Scale3D": [
                            1,
                            1,
                            1
                        ],
                        "Materials": []
                    }
                },
                {
                    "prop_gates.Meshes.CorrugatedGate": {
                        "Rename": "",
                        "Tags": [],
                        "Metadata": "",
                        "Location": [
                            -11675.1572265625,
                            29103.41015625,
                            693.1389770507812
                        ],
                        "Rotation": [
                            -900,
                            12400,
                            0
                        ],
                        "Scale": 1,
                        "Scale3D": [
                            0.75,
                            0.75,
                            0.75
                        ],
                        "Materials": []
                    }
                },
                {
                    "Prop_Buildings_02.Meshes.BanditColumn_01": {
                        "Rename": "",
                        "Tags": [],
                        "Metadata": "",
                        "Location": [
                            -11467.384765625,
                            29695.5859375,
                            210.86000061035156
                        ],
                        "Rotation": [
                            0,
                            -700,
                            0
                        ],
                        "Scale": 1,
                        "Scale3D": [
                            1,
                            1,
                            1
                        ],
                        "Materials": []
                    }
                },
                {
                    "prop_gates.Meshes.CorrugatedGate": {
                        "Rename": "",
                        "Tags": [],
                        "Metadata": "",
                        "Location": [
                            -11257.1572265625,
                            30296.41015625,
                            673.1389770507812
                        ],
                        "Rotation": [
                            400,
                            12600,
                            0
                        ],
                        "Scale": 1,
                        "Scale3D": [
                            0.75,
                            0.75,
                            0.75
                        ],
                        "Materials": []
                    }
                },
                {
                    "Prop_Buildings_02.Meshes.BanditColumn_01": {
                        "Rename": "",
                        "Tags": [],
                        "Metadata": "",
                        "Location": [
                            -11000.384765625,
                            30875.5859375,
                            236.86000061035156
                        ],
                        "Rotation": [
                            0,
                            -10200,
                            0
                        ],
                        "Scale": 1,
                        "Scale3D": [
                            1,
                            1,
                            1
                        ],
                        "Materials": []
                    }
                },
                {
                    "prop_gates.Meshes.CorrugatedGate": {
                        "Rename": "",
                        "Tags": [],
                        "Metadata": "",
                        "Location": [
                            -10476.1572265625,
                            31224.41015625,
                            751.1389770507812
                        ],
                        "Rotation": [
                            1300,
                            5900,
                            0
                        ],
                        "Scale": 1,
                        "Scale3D": [
                            0.75,
                            0.75,
                            0.75
                        ],
                        "Materials": []
                    }
                },
                {
                    "Prop_Buildings_02.Meshes.BanditColumn_01": {
                        "Rename": "",
                        "Tags": [],
                        "Metadata": "",
                        "Location": [
                            -9952.384765625,
                            31550.5859375,
                            413.8599853515625
                        ],
                        "Rotation": [
                            0,
                            -10200,
                            0
                        ],
                        "Scale": 1,
                        "Scale3D": [
                            1,
                            1,
                            1
                        ],
                        "Materials": []
                    }
                },
                {
                    "prop_gates.Meshes.CorrugatedGate": {
                        "Rename": "",
                        "Tags": [],
                        "Metadata": "",
                        "Location": [
                            -9452.1572265625,
                            31894.41015625,
                            868.1389770507812
                        ],