{
    "tundraexpress_p": {
        "Create": {
            "StaticMesh": [
                {
                    "Prop_Glacier.Meshes.GlacialRockAb_PerPoly": {
                        "Rename": "",
                        "Tags": [],
                        "Metadata": "",
                        "Location": [
                            428.2090148925781,
                            20151.91015625,
                            1083.2840576171875
                        ],
                        "Rotation": [
                            0,
                            -400,
                            0
                        ],
                        "Scale": 1,
                        "Scale3D": [
                            1.5700000524520874,
                            0.5699999928474426,
                            1.2400000095367432
                        ],
                        "Materials": []
                    }
                },
                {
                    "Prop_Rocks.Meshes.SlateBoulder": {
                        "Rename": "",
                        "Tags": [],
                        "Metadata": "",
                        "Location": [
                            -118.47100067138672,
                            24648.982421875,
                            1134.8299560546875
                        ],
                        "Rotation": [
                            0,
                            0,
                            0
                        ],
                        "Scale": 0.30000001192092896,
                        "Scale3D": [
                            1,
                            1,
                            1
                        ],
                        "Materials": []
                    }
                },
                {
                    "Prop_Panels.CorrugatePanel_06": {
                        "Rename": "",
                        "Tags": [],
                        "Metadata": "",
                        "Location": [
                            -2149.1201171875,
                            22590.951171875,
                            1421.4649658203125
                        ],
                        "Rotation": [
                            -16400,
                            3340,
                            0
                        ],
                        "Scale": 5,
                        "Scale3D": [
                            1,
                            1,
                            1
                        ],
                        "Materials": []
                    }
                },
                {
                    "Common_Meshes.Blocking.Blocking_Cube": {
                        "Rename": "Invisible Wall 1",
                        "Tags": [],
                        "Metadata": "",
                        "Location": [
                            -1296.2869873046875,
                            22798.087890625,
                            1253.1650390625
                        ],
                        "Rotation": [
                            0,
                            0,
                            0
                        ],
                        "Scale": 1.059999942779541,
                        "Scale3D": [
                            0.009999999776482582,
                            1,
                            1
                        ],
                        "Materials": [
                            "FX_ENV_VOG.Materials.Angel_Echo_INST"
                        ]
                    }
                },
                {
                    "Common_Meshes.Blocking.Blocking_Cube": {
                        "Rename": "Invisible Wall 2",
                        "Tags": [],
                        "Metadata": "",
                        "Location": [
                            -1296.2869873046875,
                            22798.087890625,
                            1253.1650390625
                        ],
                        "Rotation": [
                            0,
                            -16400,
                            0
                        ],
                        "Scale": 1.059999942779541,
                        "Scale3D": [
                            0.009999999776482582,
                            2.4000000953674316,
                            1
                        ],
                        "Materials": [
                            "FX_ENV_VOG.Materials.Angel_Echo_INST"
                        ]
                    }
                },
                {
                    "Common_Meshes.Blocking.Blocking_Cube": {
                        "Rename": "Invisible Wall 3",
                        "Tags": [],
                        "Metadata": "",
                        "Location": [
                            871.9019775390625,
                            23005.75390625,
                            1275.239013671875
                        ],
                        "Rotation": [
                            0,
                            -2100,
                            0
                        ],
                        "Scale": 1.059999942779541,
                        "Scale3D": [
                            0.009999999776482582,
                            2.880000114440918,
                            1
                        ],
                        "Materials": [
                            "FX_ENV_VOG.Materials.Angel_Echo_INST"
                        ]
                    }
                },
                {
                    "Common_Meshes.Blocking.Blocking_Cube": {
                        "Rename": "Invisible Wall 4",
                        "Tags": [],
                        "Metadata": "",
                        "Location": [
                            871.9019775390625,
                            23005.75390625,
                            1275.239013671875
                        ],
                        "Rotation": [
                            0,
                            14200,
                            0
                        ],
                        "Scale": 1.059999942779541,
                        "Scale3D": [
                            0.009999999776482582,
                            1,
                            1
                        ],
                        "Materials": [
                            "FX_ENV_VOG.Materials.Angel_Echo_INST"
                        ]
                    }
                },
                {
                    "Common_Meshes.Blocking.Blocking_Cube": {
                        "Rename": "Invisible Wall 5",
                        "Tags": [],
                        "Metadata": "",
                        "Location": [
                            1027.9019775390625,
                            23769.75390625,
                            1275.239013671875
                        ],
                        "Rotation": [
                            0,
                            14200,
                            0
                        ],
                        "Scale": 1.059999942779541,
                        "Scale3D": [
                            0.009999999776482582,
                            1,
                            1
                        ],
                        "Materials": [
                            "FX_ENV_VOG.Materials.Angel_Echo_INST"
                        ]
                    }
                },
                {
                    "Common_Meshes.Blocking.Blocking_Cube": {
                        "Rename": "Invisible Wall 6",
                        "Tags": [],
                        "Metadata": "",
                        "Location": [
                            -813.1669921875,
                            24459.853515625,
                            1854.1719970703125
                        ],