{
    "fridge_p": {
        "Create": {
            "StaticMesh": [
                {
                    "Prop_Fences.Meshes.ChainLinkFenceLocked": {
                        "Rename": "",
                        "Tags": [],
                        "Metadata": "",
                        "Location": [
                            2632.616943359375,
                            15602.103515625,
                            9961.0908203125
                        ],
                        "Rotation": [
                            0,
                            11300,
                            0
                        ],
                        "Scale": 2,
                        "Scale3D": [
                            1,
                            1,
                            1
                        ],
                        "Materials": []
                    }
                },
                {
                    "Prop_Fences.Meshes.ChainLinkFenceLocked": {
                        "Rename": "",
                        "Tags": [],
                        "Metadata": "",
                        "Location": [
                            2008.616943359375,
                            14718.103515625,
                            9994.0908203125
                        ],
                        "Rotation": [
                            -1000,
                            8300,
                            0
                        ],
                        "Scale": 2,
                        "Scale3D": [
                            1,
                            1,
                            1
                        ],
                        "Materials": []
                    }
                },
                {
                    "Prop_Fences.Meshes.ChainLinkFenceLocked": {
                        "Rename": "",
                        "Tags": [],
                        "Metadata": "",
                        "Location": [
                            1383.616943359375,
                            13901.103515625,
                            10117.0908203125
                        ],
                        "Rotation": [
                            -600,
                            11000,
                            0
                        ],
                        "Scale": 2,
                        "Scale3D": [
                            1,
                            1,
                            1
                        ],
                        "Materials": []
                    }
                },
                {
                    "Prop_Fences.Meshes.ChainLinkFenceLocked": {
                        "Rename": "",
                        "Tags": [],
                        "Metadata": "",
                        "Location": [
                            755.6170043945312,
                            13018.103515625,
                            10231.0908203125
                        ],
                        "Rotation": [
                            -1100,
                            9100,
                            0
                        ],
                        "Scale": 2,
                        "Scale3D": [
                            1,
                            1,
                            1
                        ],
                        "Materials": []
                    }
                },
                {
                    "Prop_Fences.Meshes.ChainLinkFenceLocked": {
                        "Rename": "",
                        "Tags": [],
                        "Metadata": "",
                        "Location": [
                            78.61699676513672,
                            12225.103515625,
                            10456.0908203125
                        ],
                        "Rotation": [
                            -2100,
                            9100,
                            900
                        ],
                        "Scale": 2,
                        "Scale3D": [
                            1,
                            1,
                            1
                        ],
                        "Materials": []
                    }
                },
                {
                    "Prop_Fences.Meshes.ChainLinkFenceLocked": {
                        "Rename": "",
                        "Tags": [],
                        "Metadata": "",
                        "Location": [
                            -588.3829956054688,
                            11442.103515625,
                            10638.0908203125
                        ],
                        "Rotation": [
                            -900,
                            9100,
                            0
                        ],
                        "Scale": 2,
                        "Scale3D": [
                            1,
                            1,
                            1
                        ],
                        "Materials": []
                    }
                },
                {
                    "Prop_Fences.Meshes.ChainLinkFenceLocked": {
                        "Rename": "",
                        "Tags": [],
                        "Metadata": "",
                        "Location": [
                            -1455.383056640625,
                            10954.103515625,
                            10745.0908203125
                        ],
                        "Rotation": [
                            -1200,
                            3000,
                            0
                        ],
                        "Scale": 2,
                        "Scale3D": [
                            1,
                            1,
                            1
                        ],
                        "Materials": []
                    }
                },
                {
                    "Prop_Supports.DuctTop": {
                        "Rename": "",
                        "Tags": [],
                        "Metadata": "",
                        "Location": [
                            2981.507080078125,
                            16264.54296875,
                            10449.3017578125
                        ],
                        "Rotation": [
                            0,
                            -8200,
                            18800
                        ],
                        "Scale": 5.019999980926514,
                        "Scale3D": [
                            0.029999999329447746,
                            1,
                            1
                        ],
                        "Materials": []
                    }
                },
                {
                    "prop_vehicles_02.Materials.WreckedCar01": {
                        "Rename": "",
                        "Tags": [],
                        "Metadata": "",
                        "Location": [
                            3452.429931640625,
                            16810.146484375,
                            10539.5478515625
                        ],
                        "Rotation": [
                            -2600,
                            8500,
                            0
                        ],
                        "Scale": 1.309999942779541,
                        "Scale3D": [
                            1,
                            1,
                            1
                        ],
                        "Materials": [
                            "Env_Fridge.Materials.Mati_WreckedCar01Blue"
                        ]
                    }
                },
                {
                    "Prop_Walkways.Meshes.CatWalkSingle_02_x2": {
                        "Rename": "",
                        "Tags": [],
                        "Metadata": "",