{
    "frost_p": {
        "Create": {
            "StaticMesh": [
                {
                    "prop_doors.Meshes.BanditDoorVar2Door": {
                        "Rename": "",
                        "Tags": [],
                        "Metadata": "",
                        "Location": [
                            -1246.511962890625,
                            -1797.530029296875,
                            2142.797119140625
                        ],
                        "Rotation": [
                            0,
                            0,
                            0
                        ],
                        "Scale": 1.5,
                        "Scale3D": [
                            1,
                            1,
                            1
                        ],
                        "Materials": []
                    }
                },
                {
                    "Prop_Crate.Meshes.LongContainerClosed": {
                        "Rename": "",
                        "Tags": [],
                        "Metadata": "",
                        "Location": [
                            -1398.822021484375,
                            1032.866943359375,
                            2144.3359375
                        ],
                        "Rotation": [
                            0,
                            -16400,
                            0
                        ],
                        "Scale": 1,
                        "Scale3D": [
                            1,
                            0.8999999761581421,
                            1
                        ],
                        "Materials": []
                    }
                },
                {
                    "Common_Meshes.Blocking.Blocking_Cube": {
                        "Rename": "Invisible Wall",
                        "Tags": [],
                        "Metadata": "",
                        "Location": [
                            -4732.755859375,
                            -2883.097900390625,
                            2671.242919921875
                        ],
                        "Rotation": [
                            0,
                            8100,
                            0
                        ],
                        "Scale": 5,
                        "Scale3D": [
                            0.009999999776482582,
                            1.899999976158142,
                            0.7200000286102295
                        ],
                        "Materials": [
                            "FX_ENV_VOG.Materials.Angel_Echo_INST"
                        ]
                    }
                },
                {
                    "Common_Meshes.Blocking.Blocking_Cube": {
                        "Rename": "Invisible Wall",
                        "Tags": [],
                        "Metadata": "",
                        "Location": [
                            -6229.755859375,
                            -1313.0980224609375,
                            2671.242919921875
                        ],
                        "Rotation": [
                            0,
                            100,
                            0
                        ],
                        "Scale": 5,
                        "Scale3D": [
                            0.009999999776482582,
                            1.899999976158142,
                            0.7200000286102295
                        ],
                        "Materials": [
                            "FX_ENV_VOG.Materials.Angel_Echo_INST"
                        ]
                    }
                },
                {
                    "Common_Meshes.Blocking.Blocking_Cube": {
                        "Rename": "Invisible Wall",
                        "Tags": [],
                        "Metadata": "",
                        "Location": [
                            -6171.755859375,
                            -930.0980224609375,
                            2671.242919921875
                        ],
                        "Rotation": [
                            0,
                            100,
                            0
                        ],
                        "Scale": 4.900000095367432,
                        "Scale3D": [
                            0.009999999776482582,
                            1.0299999713897705,
                            0.7200000286102295
                        ],
                        "Materials": [
                            "FX_ENV_VOG.Materials.Angel_Echo_INST"
                        ]
                    }
                },
                {
                    "Common_Meshes.Blocking.Blocking_Cube": {
                        "Rename": "Invisible Wall",
                        "Tags": [],
                        "Metadata": "",
                        "Location": [
                            -6273.755859375,
                            1104.9019775390625,
                            2671.242919921875
                        ],
                        "Rotation": [
                            0,
                            -16400,
                            0
                        ],
                        "Scale": 5,
                        "Scale3D": [
                            0.009999999776482582,
                            1.899999976158142,
                            0.7200000286102295
                        ],
                        "Materials": [
                            "FX_ENV_VOG.Materials.Angel_Echo_INST"
                        ]
                    }
                },
                {
                    "Common_Meshes.Blocking.Blocking_Cube": {
                        "Rename": "Invisible Wall",
                        "Tags": [],
                        "Metadata": "",
                        "Location": [
                            -6282.755859375,
                            870.9019775390625,
                            2671.242919921875
                        ],
                        "Rotation": [
                            0,
                            -8200,
                            0
                        ],
                        "Scale": 4.900000095367432,
                        "Scale3D": [
                            0.009999999776482582,
                            0.2800000011920929,
                            0.7200000286102295
                        ],
                        "Materials": [
                            "FX_ENV_VOG.Materials.Angel_Echo_INST"
                        ]
                    }
                },
                {
                    "Common_Meshes.Blocking.Blocking_Cube": {
                        "Rename": "Invisible Wall",
                        "Tags": [],
                        "Metadata": "",
                        "Location": [
                            -3841.756103515625,
                            1104.9019775390625,
                            2671.242919921875
                        ],
                        "Rotation": [
                            0,
                            -16400,
                            0
                        ],
                        "Scale": 5,
                        "Scale3D": [
                            0.009999999776482582,
                            0.8399999737739563,
                            0.7200000286102295
                        ],
                        "Materials": [
                            "FX_ENV_VOG.Materials.Angel_Echo_INST"
                        ]
                    }
                },
                {
                    "Common_Meshes.Blocking.Blocking_Cube": {
                        "Rename": "Invisible Wall",
                        "Tags": [],
                        "Metadata": "",