{
    "stockade_p": {
        "Create": {
            "StaticMesh": [
                {
                    "prop_gates.Meshes.CorrugatedGate": {
                        "Rename": "",
                        "Tags": [],
                        "Metadata": "",
                        "Location": [
                            -6138.68408203125,
                            39058.6015625,
                            156.77499389648438
                        ],
                        "Rotation": [
                            0,
                            1200,
                            0
                        ],
                        "Scale": 1,
                        "Scale3D": [
                            1.0700000524520874,
                            1,
                            1
                        ],
                        "Materials": []
                    }
                },
                {
                    "prop_gates.Meshes.CorrugatedGateNakedLrg": {
                        "Rename": "",
                        "Tags": [],
                        "Metadata": "",
                        "Location": [
                            -1449.97998046875,
                            39063.81640625,
                            262.9360046386719
                        ],
                        "Rotation": [
                            -800,
                            -10400,
                            0
                        ],
                        "Scale": 0.6800000071525574,
                        "Scale3D": [
                            1,
                            1,
                            1.149999976158142
                        ],
                        "Materials": []
                    }
                },
                {
                    "Common_Meshes.Blocking.Blocking_Cube": {
                        "Rename": "Invisible Wall 1",
                        "Tags": [],
                        "Metadata": "",
                        "Location": [
                            -1138.75,
                            38577.15625,
                            366.5409851074219
                        ],
                        "Rotation": [
                            0,
                            39400,
                            0
                        ],
                        "Scale": 2,
                        "Scale3D": [
                            0.009999999776482582,
                            1.2699999809265137,
                            1
                        ],
                        "Materials": [
                            "FX_ENV_VOG.Materials.Angel_Echo_INST"
                        ]
                    }
                },
                {
                    "prop_dams.Mesh.HyperionDamWallDouble": {
                        "Rename": "",
                        "Tags": [],
                        "Metadata": "",
                        "Location": [
                            -8814.5478515625,
                            41240.26171875,
                            22.94300079345703
                        ],
                        "Rotation": [
                            0,
                            8700,
                            0
                        ],
                        "Scale": 1,
                        "Scale3D": [
                            1,
                            1,
                            0.7799999713897705
                        ],
                        "Materials": []
                    }
                },
                {
                    "prop_dams.Mesh.HyperionDamWallDouble": {
                        "Rename": "",
                        "Tags": [],
                        "Metadata": "",
                        "Location": [
                            -10408.5478515625,
                            42824.26171875,
                            22.94300079345703
                        ],
                        "Rotation": [
                            0,
                            -900,
                            0
                        ],
                        "Scale": 1,
                        "Scale3D": [
                            1,
                            1,
                            0.7799999713897705
                        ],
                        "Materials": []
                    }
                },
                {
                    "prop_dams.Mesh.HyperionDamWallDouble": {
                        "Rename": "",
                        "Tags": [],
                        "Metadata": "",
                        "Location": [
                            -10221.5478515625,
                            44919.26171875,
                            22.94300079345703
                        ],
                        "Rotation": [
                            0,
                            -2800,
                            0
                        ],
                        "Scale": 1,
                        "Scale3D": [
                            1,
                            1,
                            0.7799999713897705
                        ],
                        "Materials": []
                    }
                },
                {
                    "prop_dams.Mesh.HyperionDamWallDouble": {
                        "Rename": "",
                        "Tags": [],
                        "Metadata": "",
                        "Location": [
                            -9654.5478515625,
                            46922.26171875,
                            22.94300079345703
                        ],
                        "Rotation": [
                            0,
                            -3400,
                            1200
                        ],
                        "Scale": 1,
                        "Scale3D": [
                            1,
                            1,
                            0.7799999713897705
                        ],
                        "Materials": []
                    }
                },
                {
                    "prop_dams.Mesh.HyperionDamWallDouble": {
                        "Rename": "",
                        "Tags": [],
                        "Metadata": "",
                        "Location": [
                            -7864.5478515625,
                            39412.26171875,
                            22.94300079345703
                        ],
                        "Rotation": [
                            0,
                            4900,
                            0
                        ],
                        "Scale": 1,
                        "Scale3D": [
                            1,
                            1,
                            0.7799999713897705
                        ],
                        "Materials": []
                    }
                },
                {
                    "prop_dams.Mesh.HyperionDamWallDouble": {
                        "Rename": "",
                        "Tags": [],
                        "Metadata": "",
                        "Location": [
                            -8567.5478515625,
                            37442.26171875,
                            15.942999839782715
                        ],
                        "Rotation": [
                            0,
                            -3800,
                            0
                        ],
                        "Scale": 1,
                        "Scale3D": [
                            1,
                            1,
                            0.7799999713897705
                        ],
                        "Materials": []
                    }
                },
                {
                    "Prop_Fences.Meshes.BanditCover_03": {
                        "Rename": "",
                        "Tags": [],