{
    "castlekeep_p": {
        "Create": {
            "StaticMesh": [
                {
                    "Aster_Prop_Castle.Mesh_Walkways.Walkway_1024x1024": {
                        "Rename": "",
                        "Tags": [],
                        "Metadata": "",
                        "Location": [
                            139463.6875,
                            -20129.51953125,
                            137351.171875
                        ],
                        "Rotation": [
                            16400,
                            -8200,
                            0
                        ],
                        "Scale": 1.5,
                        "Scale3D": [
                            1,
                            1.2999999523162842,
                            0.11999999731779099
                        ],
                        "Materials": []
                    }
                },
                {
                    "Aster_Prop_Castle.Mesh_Walkways.Walkway_1024x1024": {
                        "Rename": "",
                        "Tags": [],
                        "Metadata": "",
                        "Location": [
                            138051.6875,
                            -21540.51953125,
                            137351.171875
                        ],
                        "Rotation": [
                            16400,
                            0,
                            0
                        ],
                        "Scale": 1.5,
                        "Scale3D": [
                            1,
                            0.30000001192092896,
                            0.11999999731779099
                        ],
                        "Materials": []
                    }
                },
                {
                    "Aster_Prop_Castle.Mesh_Walkways.Walkway_1024x1024": {
                        "Rename": "",
                        "Tags": [],
                        "Metadata": "",
                        "Location": [
                            138052.6875,
                            -21999.51953125,
                            137351.171875
                        ],
                        "Rotation": [
                            16400,
                            -8200,
                            0
                        ],
                        "Scale": 1.5,
                        "Scale3D": [
                            1,
                            0.5400000214576721,
                            0.11999999731779099
                        ],
                        "Materials": []
                    }
                },
                {
                    "Aster_Prop_Castle.Mesh_Walkways.Walkway_1024x1024": {
                        "Rename": "",
                        "Tags": [],
                        "Metadata": "",
                        "Location": [
                            137470.6875,
                            -22584.51953125,
                            137351.171875
                        ],
                        "Rotation": [
                            16400,
                            -16400,
                            0
                        ],
                        "Scale": 1.5,
                        "Scale3D": [
                            1,
                            0.5400000214576721,
                            0.11999999731779099
                        ],
                        "Materials": []
                    }
                },
                {
                    "Aster_Prop_Castle.Mesh_Walkways.Walkway_1024x1024": {
                        "Rename": "",
                        "Tags": [],
                        "Metadata": "",
                        "Location": [
                            136640.6875,
                            -22583.51953125,
                            137351.171875
                        ],
                        "Rotation": [
                            16400,
                            -24600,
                            0
                        ],
                        "Scale": 1.5,
                        "Scale3D": [
                            1,
                            0.5600000023841858,
                            0.11999999731779099
                        ],
                        "Materials": []
                    }
                },
                {
                    "Aster_Prop_Castle.Mesh_Walkways.Walkway_1024x1024": {
                        "Rename": "",
                        "Tags": [],
                        "Metadata": "",
                        "Location": [
                            136033.6875,
                            -21972.51953125,
                            137351.171875
                        ],
                        "Rotation": [
                            16400,
                            -32800,
                            0
                        ],
                        "Scale": 1.5,
                        "Scale3D": [
                            1,
                            0.25999999046325684,
                            0.11999999731779099
                        ],
                        "Materials": []
                    }
                },
                {
                    "Aster_Prop_Castle.Mesh_Walkways.Walkway_1024x1024": {
                        "Rename": "",
                        "Tags": [],
                        "Metadata": "",
                        "Location": [
                            135991.6875,
                            -21574.51953125,
                            137351.171875
                        ],
                        "Rotation": [
                            16400,
                            -16400,
                            0
                        ],
                        "Scale": 1.5,
                        "Scale3D": [
                            1,
                            1.1799999475479126,
                            0.11999999731779099
                        ],
                        "Materials": []
                    }
                },
                {
                    "Aster_Prop_Castle.Mesh_Walkways.Walkway_1024x1024": {
                        "Rename": "",
                        "Tags": [],
                        "Metadata": "",
                        "Location": [
                            134175.6875,
                            -21574.51953125,
                            137351.171875
                        ],
                        "Rotation": [
                            16400,
                            -24600,
                            0
                        ],
                        "Scale": 1.5,
                        "Scale3D": [
                            1,
                            1.0399999618530273,
                            0.11999999731779099
                        ],
                        "Materials": []
                    }
                },
                {
                    "Aster_Prop_Castle.Mesh_Walkways.Walkway_1024x1024": {
                        "Rename": "",
                        "Tags": [],
                        "Metadata": "",
                        "Location": [
                            133103.6875,
                            -20499.51953125,
                            137351.171875
                        ],
                        "Rotation": [
                            16400,
                            -32700,
                            0
                        ],
                        "Scale": 1.5,
                        "Scale3D": [
                            1,
                            2.2300000190734863,
                            0.11999999731779099
                        ],