{"thresherraid_p": {"Create": {"StaticMesh": [{"Prop_Gyrocopter.Meshes.Warehouse_Panel_02": {"Rename": "", "Location": [-21162.326171875, -4378.94384765625, 5677.0439453125], "Rotation": [900, -8000, 0], "Scale": 1.1100000143051147, "Scale3D": [1.149999976158142, 1.149999976158142, 1.309999942779541], "Materials": []}}], "InteractiveObjectDefinition": [{"GD_Balance_Treasure.ChestGrades.ObjectGrade_TreasureChest": {"Rename": "", "Location": [-21224.828125, -4074.740966796875, 5633.0], "Rotation": [2352, -8552, 4000], "Scale": 1.0, "Scale3D": [1.0, 1.0, 1.0], "Materials": ["ThresherRaid_P.TheWorld:PersistentLevel.WillowInteractiveObject_123.SkeletalMeshComponent_578.MaterialInstanceConstant_518"]}}]}}}