{"easter_p": {"Create": {"StaticMesh": [{"Env_Easter.Mesh.WoodStage": {"Rename": "", "Location": [38911.32421875, 5774.19189453125, -3096.76708984375], "Rotation": [-16400, -12900, 0], "Scale": 1.0, "Scale3D": [0.84375, 1.265625, 1.0], "Materials": []}}]}}}